nodes,group_size,rep,mode,op_id,root,group_idx,size,legs,start_ns,complete_ns,duration_ns,matrix_path
16,2,0,baseline,1,2,0,2048,1,0,3413,3413,bcast_sweep/bcast_n16_g2_r0.cm
16,2,0,mcast,1,2,0,2048,1,0,3413,3413,bcast_sweep/bcast_n16_g2_r0.cm
16,2,1,baseline,1,13,0,2048,1,0,3413,3413,bcast_sweep/bcast_n16_g2_r1.cm
16,2,1,mcast,1,13,0,2048,1,0,3413,3413,bcast_sweep/bcast_n16_g2_r1.cm
16,2,2,baseline,1,14,0,2048,1,0,3413,3413,bcast_sweep/bcast_n16_g2_r2.cm
16,2,2,mcast,1,14,0,2048,1,0,3413,3413,bcast_sweep/bcast_n16_g2_r2.cm
16,2,3,baseline,1,4,0,2048,1,0,3413,3413,bcast_sweep/bcast_n16_g2_r3.cm
16,2,3,mcast,1,4,0,2048,1,0,3413,3413,bcast_sweep/bcast_n16_g2_r3.cm
16,2,4,baseline,1,4,0,2048,1,0,3413,3413,bcast_sweep/bcast_n16_g2_r4.cm
16,2,4,mcast,1,4,0,2048,1,0,3413,3413,bcast_sweep/bcast_n16_g2_r4.cm
16,2,5,baseline,1,8,0,2048,1,0,3413,3413,bcast_sweep/bcast_n16_g2_r5.cm
16,2,5,mcast,1,8,0,2048,1,0,3413,3413,bcast_sweep/bcast_n16_g2_r5.cm
16,2,6,baseline,1,9,0,2048,1,0,3413,3413,bcast_sweep/bcast_n16_g2_r6.cm
16,2,6,mcast,1,9,0,2048,1,0,3413,3413,bcast_sweep/bcast_n16_g2_r6.cm
16,2,7,baseline,1,5,0,2048,1,0,3413,3413,bcast_sweep/bcast_n16_g2_r7.cm
16,2,7,mcast,1,5,0,2048,1,0,3413,3413,bcast_sweep/bcast_n16_g2_r7.cm
16,2,8,baseline,1,12,0,2048,1,0,3413,3413,bcast_sweep/bcast_n16_g2_r8.cm
16,2,8,mcast,1,12,0,2048,1,0,3413,3413,bcast_sweep/bcast_n16_g2_r8.cm
16,2,9,baseline,1,13,0,2048,1,0,3413,3413,bcast_sweep/bcast_n16_g2_r9.cm
16,2,9,mcast,1,13,0,2048,1,0,3413,3413,bcast_sweep/bcast_n16_g2_r9.cm
16,4,0,baseline,1,3,0,2048,3,0,3751,3751,bcast_sweep/bcast_n16_g4_r0.cm
16,4,0,mcast,1,3,0,2048,3,0,3413,3413,bcast_sweep/bcast_n16_g4_r0.cm
16,4,1,baseline,1,13,0,2048,3,0,3751,3751,bcast_sweep/bcast_n16_g4_r1.cm
16,4,1,mcast,1,13,0,2048,3,0,3413,3413,bcast_sweep/bcast_n16_g4_r1.cm
16,4,2,baseline,1,15,0,2048,3,0,3751,3751,bcast_sweep/bcast_n16_g4_r2.cm
16,4,2,mcast,1,15,0,2048,3,0,3413,3413,bcast_sweep/bcast_n16_g4_r2.cm
16,4,3,baseline,1,15,0,2048,3,0,3751,3751,bcast_sweep/bcast_n16_g4_r3.cm
16,4,3,mcast,1,15,0,2048,3,0,3413,3413,bcast_sweep/bcast_n16_g4_r3.cm
16,4,4,baseline,1,11,0,2048,3,0,3751,3751,bcast_sweep/bcast_n16_g4_r4.cm
16,4,4,mcast,1,11,0,2048,3,0,3413,3413,bcast_sweep/bcast_n16_g4_r4.cm
16,4,5,baseline,1,6,0,2048,3,0,3751,3751,bcast_sweep/bcast_n16_g4_r5.cm
16,4,5,mcast,1,6,0,2048,3,0,3413,3413,bcast_sweep/bcast_n16_g4_r5.cm
16,4,6,baseline,1,8,0,2048,3,0,3751,3751,bcast_sweep/bcast_n16_g4_r6.cm
16,4,6,mcast,1,8,0,2048,3,0,3413,3413,bcast_sweep/bcast_n16_g4_r6.cm
16,4,7,baseline,1,4,0,2048,3,0,3751,3751,bcast_sweep/bcast_n16_g4_r7.cm
16,4,7,mcast,1,4,0,2048,3,0,3413,3413,bcast_sweep/bcast_n16_g4_r7.cm
16,4,8,baseline,1,11,0,2048,3,0,3582,3582,bcast_sweep/bcast_n16_g4_r8.cm
16,4,8,mcast,1,11,0,2048,3,0,3413,3413,bcast_sweep/bcast_n16_g4_r8.cm
16,4,9,baseline,1,1,0,2048,3,0,3751,3751,bcast_sweep/bcast_n16_g4_r9.cm
16,4,9,mcast,1,1,0,2048,3,0,3413,3413,bcast_sweep/bcast_n16_g4_r9.cm
16,8,0,baseline,1,10,0,2048,7,0,4427,4427,bcast_sweep/bcast_n16_g8_r0.cm
16,8,0,mcast,1,10,0,2048,7,0,3413,3413,bcast_sweep/bcast_n16_g8_r0.cm
16,8,1,baseline,1,1,0,2048,7,0,4427,4427,bcast_sweep/bcast_n16_g8_r1.cm
16,8,1,mcast,1,1,0,2048,7,0,3413,3413,bcast_sweep/bcast_n16_g8_r1.cm
16,8,2,baseline,1,9,0,2048,7,0,4427,4427,bcast_sweep/bcast_n16_g8_r2.cm
16,8,2,mcast,1,9,0,2048,7,0,3413,3413,bcast_sweep/bcast_n16_g8_r2.cm
16,8,3,baseline,1,9,0,2048,7,0,4427,4427,bcast_sweep/bcast_n16_g8_r3.cm
16,8,3,mcast,1,9,0,2048,7,0,3413,3413,bcast_sweep/bcast_n16_g8_r3.cm
16,8,4,baseline,1,13,0,2048,7,0,4427,4427,bcast_sweep/bcast_n16_g8_r4.cm
16,8,4,mcast,1,13,0,2048,7,0,3413,3413,bcast_sweep/bcast_n16_g8_r4.cm
16,8,5,baseline,1,4,0,2048,7,0,4427,4427,bcast_sweep/bcast_n16_g8_r5.cm
16,8,5,mcast,1,4,0,2048,7,0,3413,3413,bcast_sweep/bcast_n16_g8_r5.cm
16,8,6,baseline,1,2,0,2048,7,0,4258,4258,bcast_sweep/bcast_n16_g8_r6.cm
16,8,6,mcast,1,2,0,2048,7,0,3413,3413,bcast_sweep/bcast_n16_g8_r6.cm
16,8,7,baseline,1,0,0,2048,7,0,4427,4427,bcast_sweep/bcast_n16_g8_r7.cm
16,8,7,mcast,1,0,0,2048,7,0,3413,3413,bcast_sweep/bcast_n16_g8_r7.cm
16,8,8,baseline,1,14,0,2048,7,0,4427,4427,bcast_sweep/bcast_n16_g8_r8.cm
16,8,8,mcast,1,14,0,2048,7,0,3413,3413,bcast_sweep/bcast_n16_g8_r8.cm
16,8,9,baseline,1,10,0,2048,7,0,4427,4427,bcast_sweep/bcast_n16_g8_r9.cm
16,8,9,mcast,1,10,0,2048,7,0,3413,3413,bcast_sweep/bcast_n16_g8_r9.cm
16,16,0,baseline,1,10,0,2048,15,0,5779,5779,bcast_sweep/bcast_n16_g16_r0.cm
16,16,0,mcast,1,10,0,2048,15,0,3413,3413,bcast_sweep/bcast_n16_g16_r0.cm
16,16,1,baseline,1,12,0,2048,15,0,5610,5610,bcast_sweep/bcast_n16_g16_r1.cm
16,16,1,mcast,1,12,0,2048,15,0,3413,3413,bcast_sweep/bcast_n16_g16_r1.cm
16,16,2,baseline,1,9,0,2048,15,0,5779,5779,bcast_sweep/bcast_n16_g16_r2.cm
16,16,2,mcast,1,9,0,2048,15,0,3413,3413,bcast_sweep/bcast_n16_g16_r2.cm
16,16,3,baseline,1,3,0,2048,15,0,5441,5441,bcast_sweep/bcast_n16_g16_r3.cm
16,16,3,mcast,1,3,0,2048,15,0,3413,3413,bcast_sweep/bcast_n16_g16_r3.cm
16,16,4,baseline,1,0,0,2048,15,0,5610,5610,bcast_sweep/bcast_n16_g16_r4.cm
16,16,4,mcast,1,0,0,2048,15,0,3413,3413,bcast_sweep/bcast_n16_g16_r4.cm
16,16,5,baseline,1,14,0,2048,15,0,5779,5779,bcast_sweep/bcast_n16_g16_r5.cm
16,16,5,mcast,1,14,0,2048,15,0,3413,3413,bcast_sweep/bcast_n16_g16_r5.cm
16,16,6,baseline,1,13,0,2048,15,0,5779,5779,bcast_sweep/bcast_n16_g16_r6.cm
16,16,6,mcast,1,13,0,2048,15,0,3413,3413,bcast_sweep/bcast_n16_g16_r6.cm
16,16,7,baseline,1,6,0,2048,15,0,5779,5779,bcast_sweep/bcast_n16_g16_r7.cm
16,16,7,mcast,1,6,0,2048,15,0,3413,3413,bcast_sweep/bcast_n16_g16_r7.cm
16,16,8,baseline,1,2,0,2048,15,0,5610,5610,bcast_sweep/bcast_n16_g16_r8.cm
16,16,8,mcast,1,2,0,2048,15,0,3413,3413,bcast_sweep/bcast_n16_g16_r8.cm
16,16,9,baseline,1,13,0,2048,15,0,5610,5610,bcast_sweep/bcast_n16_g16_r9.cm
16,16,9,mcast,1,13,0,2048,15,0,3413,3413,bcast_sweep/bcast_n16_g16_r9.cm
128,2,0,baseline,1,30,0,2048,1,0,3413,3413,bcast_sweep/bcast_n128_g2_r0.cm
128,2,0,mcast,1,30,0,2048,1,0,3413,3413,bcast_sweep/bcast_n128_g2_r0.cm
128,2,1,baseline,1,31,0,2048,1,0,3413,3413,bcast_sweep/bcast_n128_g2_r1.cm
128,2,1,mcast,1,31,0,2048,1,0,3413,3413,bcast_sweep/bcast_n128_g2_r1.cm
128,2,2,baseline,1,81,0,2048,1,0,3413,3413,bcast_sweep/bcast_n128_g2_r2.cm
128,2,2,mcast,1,81,0,2048,1,0,3413,3413,bcast_sweep/bcast_n128_g2_r2.cm
128,2,3,baseline,1,89,0,2048,1,0,3413,3413,bcast_sweep/bcast_n128_g2_r3.cm
128,2,3,mcast,1,89,0,2048,1,0,3413,3413,bcast_sweep/bcast_n128_g2_r3.cm
128,2,4,baseline,1,84,0,2048,1,0,3413,3413,bcast_sweep/bcast_n128_g2_r4.cm
128,2,4,mcast,1,84,0,2048,1,0,3413,3413,bcast_sweep/bcast_n128_g2_r4.cm
128,2,5,baseline,1,91,0,2048,1,0,3413,3413,bcast_sweep/bcast_n128_g2_r5.cm
128,2,5,mcast,1,91,0,2048,1,0,3413,3413,bcast_sweep/bcast_n128_g2_r5.cm
128,2,6,baseline,1,53,0,2048,1,0,3413,3413,bcast_sweep/bcast_n128_g2_r6.cm
128,2,6,mcast,1,53,0,2048,1,0,3413,3413,bcast_sweep/bcast_n128_g2_r6.cm
128,2,7,baseline,1,45,0,2048,1,0,3413,3413,bcast_sweep/bcast_n128_g2_r7.cm
128,2,7,mcast,1,45,0,2048,1,0,3413,3413,bcast_sweep/bcast_n128_g2_r7.cm
128,2,8,baseline,1,71,0,2048,1,0,3413,3413,bcast_sweep/bcast_n128_g2_r8.cm
128,2,8,mcast,1,71,0,2048,1,0,3413,3413,bcast_sweep/bcast_n128_g2_r8.cm
128,2,9,baseline,1,89,0,2048,1,0,3413,3413,bcast_sweep/bcast_n128_g2_r9.cm
128,2,9,mcast,1,89,0,2048,1,0,3413,3413,bcast_sweep/bcast_n128_g2_r9.cm
128,4,0,baseline,1,115,0,2048,3,0,3751,3751,bcast_sweep/bcast_n128_g4_r0.cm
128,4,0,mcast,1,115,0,2048,3,0,3413,3413,bcast_sweep/bcast_n128_g4_r0.cm
128,4,1,baseline,1,60,0,2048,3,0,3413,3413,bcast_sweep/bcast_n128_g4_r1.cm
128,4,1,mcast,1,60,0,2048,3,0,3413,3413,bcast_sweep/bcast_n128_g4_r1.cm
128,4,2,baseline,1,47,0,2048,3,0,3751,3751,bcast_sweep/bcast_n128_g4_r2.cm
128,4,2,mcast,1,47,0,2048,3,0,3413,3413,bcast_sweep/bcast_n128_g4_r2.cm
128,4,3,baseline,1,19,0,2048,3,0,3751,3751,bcast_sweep/bcast_n128_g4_r3.cm
128,4,3,mcast,1,19,0,2048,3,0,3413,3413,bcast_sweep/bcast_n128_g4_r3.cm
128,4,4,baseline,1,127,0,2048,3,0,3751,3751,bcast_sweep/bcast_n128_g4_r4.cm
128,4,4,mcast,1,127,0,2048,3,0,3413,3413,bcast_sweep/bcast_n128_g4_r4.cm
128,4,5,baseline,1,97,0,2048,3,0,3751,3751,bcast_sweep/bcast_n128_g4_r5.cm
128,4,5,mcast,1,97,0,2048,3,0,3413,3413,bcast_sweep/bcast_n128_g4_r5.cm
128,4,6,baseline,1,67,0,2048,3,0,3751,3751,bcast_sweep/bcast_n128_g4_r6.cm
128,4,6,mcast,1,67,0,2048,3,0,3413,3413,bcast_sweep/bcast_n128_g4_r6.cm
128,4,7,baseline,1,31,0,2048,3,0,3751,3751,bcast_sweep/bcast_n128_g4_r7.cm
128,4,7,mcast,1,31,0,2048,3,0,3413,3413,bcast_sweep/bcast_n128_g4_r7.cm
128,4,8,baseline,1,109,0,2048,3,0,3751,3751,bcast_sweep/bcast_n128_g4_r8.cm
128,4,8,mcast,1,109,0,2048,3,0,3413,3413,bcast_sweep/bcast_n128_g4_r8.cm
128,4,9,baseline,1,31,0,2048,3,0,3751,3751,bcast_sweep/bcast_n128_g4_r9.cm
128,4,9,mcast,1,31,0,2048,3,0,3413,3413,bcast_sweep/bcast_n128_g4_r9.cm
128,8,0,baseline,1,122,0,2048,7,0,4427,4427,bcast_sweep/bcast_n128_g8_r0.cm
128,8,0,mcast,1,122,0,2048,7,0,3413,3413,bcast_sweep/bcast_n128_g8_r0.cm
128,8,1,baseline,1,110,0,2048,7,0,4427,4427,bcast_sweep/bcast_n128_g8_r1.cm
128,8,1,mcast,1,110,0,2048,7,0,3413,3413,bcast_sweep/bcast_n128_g8_r1.cm
128,8,2,baseline,1,58,0,2048,7,0,4427,4427,bcast_sweep/bcast_n128_g8_r2.cm
128,8,2,mcast,1,58,0,2048,7,0,3413,3413,bcast_sweep/bcast_n128_g8_r2.cm
128,8,3,baseline,1,116,0,2048,7,0,4427,4427,bcast_sweep/bcast_n128_g8_r3.cm
128,8,3,mcast,1,116,0,2048,7,0,3413,3413,bcast_sweep/bcast_n128_g8_r3.cm
128,8,4,baseline,1,91,0,2048,7,0,4427,4427,bcast_sweep/bcast_n128_g8_r4.cm
128,8,4,mcast,1,91,0,2048,7,0,3413,3413,bcast_sweep/bcast_n128_g8_r4.cm
128,8,5,baseline,1,56,0,2048,7,0,4427,4427,bcast_sweep/bcast_n128_g8_r5.cm
128,8,5,mcast,1,56,0,2048,7,0,3413,3413,bcast_sweep/bcast_n128_g8_r5.cm
128,8,6,baseline,1,101,0,2048,7,0,4427,4427,bcast_sweep/bcast_n128_g8_r6.cm
128,8,6,mcast,1,101,0,2048,7,0,3413,3413,bcast_sweep/bcast_n128_g8_r6.cm
128,8,7,baseline,1,120,0,2048,7,0,4427,4427,bcast_sweep/bcast_n128_g8_r7.cm
128,8,7,mcast,1,120,0,2048,7,0,3413,3413,bcast_sweep/bcast_n128_g8_r7.cm
128,8,8,baseline,1,51,0,2048,7,0,4427,4427,bcast_sweep/bcast_n128_g8_r8.cm
128,8,8,mcast,1,51,0,2048,7,0,3413,3413,bcast_sweep/bcast_n128_g8_r8.cm
128,8,9,baseline,1,89,0,2048,7,0,4427,4427,bcast_sweep/bcast_n128_g8_r9.cm
128,8,9,mcast,1,89,0,2048,7,0,3413,3413,bcast_sweep/bcast_n128_g8_r9.cm
128,16,0,baseline,1,104,0,2048,15,0,5610,5610,bcast_sweep/bcast_n128_g16_r0.cm
128,16,0,mcast,1,104,0,2048,15,0,3413,3413,bcast_sweep/bcast_n128_g16_r0.cm
128,16,1,baseline,1,57,0,2048,15,0,5779,5779,bcast_sweep/bcast_n128_g16_r1.cm
128,16,1,mcast,1,57,0,2048,15,0,3413,3413,bcast_sweep/bcast_n128_g16_r1.cm
128,16,2,baseline,1,108,0,2048,15,0,5779,5779,bcast_sweep/bcast_n128_g16_r2.cm
128,16,2,mcast,1,108,0,2048,15,0,3413,3413,bcast_sweep/bcast_n128_g16_r2.cm
128,16,3,baseline,1,109,0,2048,15,0,5779,5779,bcast_sweep/bcast_n128_g16_r3.cm
128,16,3,mcast,1,109,0,2048,15,0,3413,3413,bcast_sweep/bcast_n128_g16_r3.cm
128,16,4,baseline,1,102,0,2048,15,0,5779,5779,bcast_sweep/bcast_n128_g16_r4.cm
128,16,4,mcast,1,102,0,2048,15,0,3413,3413,bcast_sweep/bcast_n128_g16_r4.cm
128,16,5,baseline,1,16,0,2048,15,0,5779,5779,bcast_sweep/bcast_n128_g16_r5.cm
128,16,5,mcast,1,16,0,2048,15,0,3413,3413,bcast_sweep/bcast_n128_g16_r5.cm
128,16,6,baseline,1,81,0,2048,15,0,5779,5779,bcast_sweep/bcast_n128_g16_r6.cm
128,16,6,mcast,1,81,0,2048,15,0,3413,3413,bcast_sweep/bcast_n128_g16_r6.cm
128,16,7,baseline,1,96,0,2048,15,0,5610,5610,bcast_sweep/bcast_n128_g16_r7.cm
128,16,7,mcast,1,96,0,2048,15,0,3413,3413,bcast_sweep/bcast_n128_g16_r7.cm
128,16,8,baseline,1,103,0,2048,15,0,5779,5779,bcast_sweep/bcast_n128_g16_r8.cm
128,16,8,mcast,1,103,0,2048,15,0,3413,3413,bcast_sweep/bcast_n128_g16_r8.cm
128,16,9,baseline,1,10,0,2048,15,0,5779,5779,bcast_sweep/bcast_n128_g16_r9.cm
128,16,9,mcast,1,10,0,2048,15,0,3413,3413,bcast_sweep/bcast_n128_g16_r9.cm
128,32,0,baseline,1,31,0,2048,31,0,8313,8313,bcast_sweep/bcast_n128_g32_r0.cm
128,32,0,mcast,1,31,0,2048,31,0,3413,3413,bcast_sweep/bcast_n128_g32_r0.cm
128,32,1,baseline,1,95,0,2048,31,0,8482,8482,bcast_sweep/bcast_n128_g32_r1.cm
128,32,1,mcast,1,95,0,2048,31,0,3413,3413,bcast_sweep/bcast_n128_g32_r1.cm
128,32,2,baseline,1,41,0,2048,31,0,8482,8482,bcast_sweep/bcast_n128_g32_r2.cm
128,32,2,mcast,1,41,0,2048,31,0,3413,3413,bcast_sweep/bcast_n128_g32_r2.cm
128,32,3,baseline,1,49,0,2048,31,0,8482,8482,bcast_sweep/bcast_n128_g32_r3.cm
128,32,3,mcast,1,49,0,2048,31,0,3413,3413,bcast_sweep/bcast_n128_g32_r3.cm
128,32,4,baseline,1,40,0,2048,31,0,8482,8482,bcast_sweep/bcast_n128_g32_r4.cm
128,32,4,mcast,1,40,0,2048,31,0,3413,3413,bcast_sweep/bcast_n128_g32_r4.cm
128,32,5,baseline,1,101,0,2048,31,0,8482,8482,bcast_sweep/bcast_n128_g32_r5.cm
128,32,5,mcast,1,101,0,2048,31,0,3413,3413,bcast_sweep/bcast_n128_g32_r5.cm
128,32,6,baseline,1,69,0,2048,31,0,8482,8482,bcast_sweep/bcast_n128_g32_r6.cm
128,32,6,mcast,1,69,0,2048,31,0,3413,3413,bcast_sweep/bcast_n128_g32_r6.cm
128,32,7,baseline,1,31,0,2048,31,0,8482,8482,bcast_sweep/bcast_n128_g32_r7.cm
128,32,7,mcast,1,31,0,2048,31,0,3413,3413,bcast_sweep/bcast_n128_g32_r7.cm
128,32,8,baseline,1,41,0,2048,31,0,8482,8482,bcast_sweep/bcast_n128_g32_r8.cm
128,32,8,mcast,1,41,0,2048,31,0,3413,3413,bcast_sweep/bcast_n128_g32_r8.cm
128,32,9,baseline,1,101,0,2048,31,0,8482,8482,bcast_sweep/bcast_n128_g32_r9.cm
128,32,9,mcast,1,101,0,2048,31,0,3413,3413,bcast_sweep/bcast_n128_g32_r9.cm
128,64,0,baseline,1,113,0,2048,63,0,13889,13889,bcast_sweep/bcast_n128_g64_r0.cm
128,64,0,mcast,1,113,0,2048,63,0,3413,3413,bcast_sweep/bcast_n128_g64_r0.cm
128,64,1,baseline,1,67,0,2048,63,0,13889,13889,bcast_sweep/bcast_n128_g64_r1.cm
128,64,1,mcast,1,67,0,2048,63,0,3413,3413,bcast_sweep/bcast_n128_g64_r1.cm
128,64,2,baseline,1,73,0,2048,63,0,13889,13889,bcast_sweep/bcast_n128_g64_r2.cm
128,64,2,mcast,1,73,0,2048,63,0,3413,3413,bcast_sweep/bcast_n128_g64_r2.cm
128,64,3,baseline,1,83,0,2048,63,0,13889,13889,bcast_sweep/bcast_n128_g64_r3.cm
128,64,3,mcast,1,83,0,2048,63,0,3413,3413,bcast_sweep/bcast_n128_g64_r3.cm
128,64,4,baseline,1,11,0,2048,63,0,13889,13889,bcast_sweep/bcast_n128_g64_r4.cm
128,64,4,mcast,1,11,0,2048,63,0,3413,3413,bcast_sweep/bcast_n128_g64_r4.cm
128,64,5,baseline,1,64,0,2048,63,0,13889,13889,bcast_sweep/bcast_n128_g64_r5.cm
128,64,5,mcast,1,64,0,2048,63,0,3413,3413,bcast_sweep/bcast_n128_g64_r5.cm
128,64,6,baseline,1,124,0,2048,63,0,13889,13889,bcast_sweep/bcast_n128_g64_r6.cm
128,64,6,mcast,1,124,0,2048,63,0,3413,3413,bcast_sweep/bcast_n128_g64_r6.cm
128,64,7,baseline,1,23,0,2048,63,0,13889,13889,bcast_sweep/bcast_n128_g64_r7.cm
128,64,7,mcast,1,23,0,2048,63,0,3413,3413,bcast_sweep/bcast_n128_g64_r7.cm
128,64,8,baseline,1,125,0,2048,63,0,13889,13889,bcast_sweep/bcast_n128_g64_r8.cm
128,64,8,mcast,1,125,0,2048,63,0,3413,3413,bcast_sweep/bcast_n128_g64_r8.cm
128,64,9,baseline,1,43,0,2048,63,0,13889,13889,bcast_sweep/bcast_n128_g64_r9.cm
128,64,9,mcast,1,43,0,2048,63,0,3413,3413,bcast_sweep/bcast_n128_g64_r9.cm
128,128,0,baseline,1,122,0,2048,127,0,24533,24533,bcast_sweep/bcast_n128_g128_r0.cm
128,128,0,mcast,1,122,0,2048,127,0,3413,3413,bcast_sweep/bcast_n128_g128_r0.cm
128,128,1,baseline,1,124,0,2048,127,0,24533,24533,bcast_sweep/bcast_n128_g128_r1.cm
128,128,1,mcast,1,124,0,2048,127,0,3413,3413,bcast_sweep/bcast_n128_g128_r1.cm
128,128,2,baseline,1,89,0,2048,127,0,24702,24702,bcast_sweep/bcast_n128_g128_r2.cm
128,128,2,mcast,1,89,0,2048,127,0,3413,3413,bcast_sweep/bcast_n128_g128_r2.cm
128,128,3,baseline,1,7,0,2048,127,0,24533,24533,bcast_sweep/bcast_n128_g128_r3.cm
128,128,3,mcast,1,7,0,2048,127,0,3413,3413,bcast_sweep/bcast_n128_g128_r3.cm
128,128,4,baseline,1,98,0,2048,127,0,24702,24702,bcast_sweep/bcast_n128_g128_r4.cm
128,128,4,mcast,1,98,0,2048,127,0,3413,3413,bcast_sweep/bcast_n128_g128_r4.cm
128,128,5,baseline,1,92,0,2048,127,0,24702,24702,bcast_sweep/bcast_n128_g128_r5.cm
128,128,5,mcast,1,92,0,2048,127,0,3413,3413,bcast_sweep/bcast_n128_g128_r5.cm
128,128,6,baseline,1,42,0,2048,127,0,24702,24702,bcast_sweep/bcast_n128_g128_r6.cm
128,128,6,mcast,1,42,0,2048,127,0,3413,3413,bcast_sweep/bcast_n128_g128_r6.cm
128,128,7,baseline,1,36,0,2048,127,0,24702,24702,bcast_sweep/bcast_n128_g128_r7.cm
128,128,7,mcast,1,36,0,2048,127,0,3413,3413,bcast_sweep/bcast_n128_g128_r7.cm
128,128,8,baseline,1,115,0,2048,127,0,24702,24702,bcast_sweep/bcast_n128_g128_r8.cm
128,128,8,mcast,1,115,0,2048,127,0,3413,3413,bcast_sweep/bcast_n128_g128_r8.cm
128,128,9,baseline,1,86,0,2048,127,0,24702,24702,bcast_sweep/bcast_n128_g128_r9.cm
128,128,9,mcast,1,86,0,2048,127,0,3413,3413,bcast_sweep/bcast_n128_g128_r9.cm
1024,2,0,baseline,1,349,0,2048,1,0,2275,2275,bcast_sweep/bcast_n1024_g2_r0.cm
1024,2,0,mcast,1,349,0,2048,1,0,2275,2275,bcast_sweep/bcast_n1024_g2_r0.cm
1024,2,1,baseline,1,609,0,2048,1,0,3413,3413,bcast_sweep/bcast_n1024_g2_r1.cm
1024,2,1,mcast,1,609,0,2048,1,0,3413,3413,bcast_sweep/bcast_n1024_g2_r1.cm
1024,2,2,baseline,1,602,0,2048,1,0,3413,3413,bcast_sweep/bcast_n1024_g2_r2.cm
1024,2,2,mcast,1,602,0,2048,1,0,3413,3413,bcast_sweep/bcast_n1024_g2_r2.cm
1024,2,3,baseline,1,226,0,2048,1,0,3413,3413,bcast_sweep/bcast_n1024_g2_r3.cm
1024,2,3,mcast,1,226,0,2048,1,0,3413,3413,bcast_sweep/bcast_n1024_g2_r3.cm
1024,2,4,baseline,1,741,0,2048,1,0,3413,3413,bcast_sweep/bcast_n1024_g2_r4.cm
1024,2,4,mcast,1,741,0,2048,1,0,3413,3413,bcast_sweep/bcast_n1024_g2_r4.cm
1024,2,5,baseline,1,219,0,2048,1,0,3413,3413,bcast_sweep/bcast_n1024_g2_r5.cm
1024,2,5,mcast,1,219,0,2048,1,0,3413,3413,bcast_sweep/bcast_n1024_g2_r5.cm
1024,2,6,baseline,1,627,0,2048,1,0,3413,3413,bcast_sweep/bcast_n1024_g2_r6.cm
1024,2,6,mcast,1,627,0,2048,1,0,3413,3413,bcast_sweep/bcast_n1024_g2_r6.cm
1024,2,7,baseline,1,332,0,2048,1,0,3413,3413,bcast_sweep/bcast_n1024_g2_r7.cm
1024,2,7,mcast,1,332,0,2048,1,0,3413,3413,bcast_sweep/bcast_n1024_g2_r7.cm
1024,2,8,baseline,1,103,0,2048,1,0,2275,2275,bcast_sweep/bcast_n1024_g2_r8.cm
1024,2,8,mcast,1,103,0,2048,1,0,2275,2275,bcast_sweep/bcast_n1024_g2_r8.cm
1024,2,9,baseline,1,420,0,2048,1,0,3413,3413,bcast_sweep/bcast_n1024_g2_r9.cm
1024,2,9,mcast,1,420,0,2048,1,0,3413,3413,bcast_sweep/bcast_n1024_g2_r9.cm
1024,4,0,baseline,1,677,0,2048,3,0,3751,3751,bcast_sweep/bcast_n1024_g4_r0.cm
1024,4,0,mcast,1,677,0,2048,3,0,3413,3413,bcast_sweep/bcast_n1024_g4_r0.cm
1024,4,1,baseline,1,12,0,2048,3,0,3751,3751,bcast_sweep/bcast_n1024_g4_r1.cm
1024,4,1,mcast,1,12,0,2048,3,0,3413,3413,bcast_sweep/bcast_n1024_g4_r1.cm
1024,4,2,baseline,1,66,0,2048,3,0,3751,3751,bcast_sweep/bcast_n1024_g4_r2.cm
1024,4,2,mcast,1,66,0,2048,3,0,3413,3413,bcast_sweep/bcast_n1024_g4_r2.cm
1024,4,3,baseline,1,422,0,2048,3,0,3751,3751,bcast_sweep/bcast_n1024_g4_r3.cm
1024,4,3,mcast,1,422,0,2048,3,0,3413,3413,bcast_sweep/bcast_n1024_g4_r3.cm
1024,4,4,baseline,1,281,0,2048,3,0,3751,3751,bcast_sweep/bcast_n1024_g4_r4.cm
1024,4,4,mcast,1,281,0,2048,3,0,3413,3413,bcast_sweep/bcast_n1024_g4_r4.cm
1024,4,5,baseline,1,543,0,2048,3,0,3751,3751,bcast_sweep/bcast_n1024_g4_r5.cm
1024,4,5,mcast,1,543,0,2048,3,0,3413,3413,bcast_sweep/bcast_n1024_g4_r5.cm
1024,4,6,baseline,1,388,0,2048,3,0,3751,3751,bcast_sweep/bcast_n1024_g4_r6.cm
1024,4,6,mcast,1,388,0,2048,3,0,3413,3413,bcast_sweep/bcast_n1024_g4_r6.cm
1024,4,7,baseline,1,736,0,2048,3,0,3751,3751,bcast_sweep/bcast_n1024_g4_r7.cm
1024,4,7,mcast,1,736,0,2048,3,0,3413,3413,bcast_sweep/bcast_n1024_g4_r7.cm
1024,4,8,baseline,1,415,0,2048,3,0,3751,3751,bcast_sweep/bcast_n1024_g4_r8.cm
1024,4,8,mcast,1,415,0,2048,3,0,3413,3413,bcast_sweep/bcast_n1024_g4_r8.cm
1024,4,9,baseline,1,884,0,2048,3,0,3751,3751,bcast_sweep/bcast_n1024_g4_r9.cm
1024,4,9,mcast,1,884,0,2048,3,0,3413,3413,bcast_sweep/bcast_n1024_g4_r9.cm
1024,8,0,baseline,1,12,0,2048,7,0,4427,4427,bcast_sweep/bcast_n1024_g8_r0.cm
1024,8,0,mcast,1,12,0,2048,7,0,3413,3413,bcast_sweep/bcast_n1024_g8_r0.cm
1024,8,1,baseline,1,278,0,2048,7,0,4427,4427,bcast_sweep/bcast_n1024_g8_r1.cm
1024,8,1,mcast,1,278,0,2048,7,0,3413,3413,bcast_sweep/bcast_n1024_g8_r1.cm
1024,8,2,baseline,1,155,0,2048,7,0,4427,4427,bcast_sweep/bcast_n1024_g8_r2.cm
1024,8,2,mcast,1,155,0,2048,7,0,3413,3413,bcast_sweep/bcast_n1024_g8_r2.cm
1024,8,3,baseline,1,791,0,2048,7,0,4427,4427,bcast_sweep/bcast_n1024_g8_r3.cm
1024,8,3,mcast,1,791,0,2048,7,0,3413,3413,bcast_sweep/bcast_n1024_g8_r3.cm
1024,8,4,baseline,1,517,0,2048,7,0,4427,4427,bcast_sweep/bcast_n1024_g8_r4.cm
1024,8,4,mcast,1,517,0,2048,7,0,3413,3413,bcast_sweep/bcast_n1024_g8_r4.cm
1024,8,5,baseline,1,677,0,2048,7,0,4427,4427,bcast_sweep/bcast_n1024_g8_r5.cm
1024,8,5,mcast,1,677,0,2048,7,0,3413,3413,bcast_sweep/bcast_n1024_g8_r5.cm
1024,8,6,baseline,1,518,0,2048,7,0,4427,4427,bcast_sweep/bcast_n1024_g8_r6.cm
1024,8,6,mcast,1,518,0,2048,7,0,3413,3413,bcast_sweep/bcast_n1024_g8_r6.cm
1024,8,7,baseline,1,465,0,2048,7,0,4427,4427,bcast_sweep/bcast_n1024_g8_r7.cm
1024,8,7,mcast,1,465,0,2048,7,0,3413,3413,bcast_sweep/bcast_n1024_g8_r7.cm
1024,8,8,baseline,1,799,0,2048,7,0,4427,4427,bcast_sweep/bcast_n1024_g8_r8.cm
1024,8,8,mcast,1,799,0,2048,7,0,3413,3413,bcast_sweep/bcast_n1024_g8_r8.cm
1024,8,9,baseline,1,371,0,2048,7,0,4427,4427,bcast_sweep/bcast_n1024_g8_r9.cm
1024,8,9,mcast,1,371,0,2048,7,0,3413,3413,bcast_sweep/bcast_n1024_g8_r9.cm
1024,16,0,baseline,1,383,0,2048,15,0,5779,5779,bcast_sweep/bcast_n1024_g16_r0.cm
1024,16,0,mcast,1,383,0,2048,15,0,3413,3413,bcast_sweep/bcast_n1024_g16_r0.cm
1024,16,1,baseline,1,221,0,2048,15,0,5779,5779,bcast_sweep/bcast_n1024_g16_r1.cm
1024,16,1,mcast,1,221,0,2048,15,0,3413,3413,bcast_sweep/bcast_n1024_g16_r1.cm
1024,16,2,baseline,1,111,0,2048,15,0,5779,5779,bcast_sweep/bcast_n1024_g16_r2.cm
1024,16,2,mcast,1,111,0,2048,15,0,3413,3413,bcast_sweep/bcast_n1024_g16_r2.cm
1024,16,3,baseline,1,214,0,2048,15,0,5779,5779,bcast_sweep/bcast_n1024_g16_r3.cm
1024,16,3,mcast,1,214,0,2048,15,0,3413,3413,bcast_sweep/bcast_n1024_g16_r3.cm
1024,16,4,baseline,1,252,0,2048,15,0,5779,5779,bcast_sweep/bcast_n1024_g16_r4.cm
1024,16,4,mcast,1,252,0,2048,15,0,3413,3413,bcast_sweep/bcast_n1024_g16_r4.cm
1024,16,5,baseline,1,358,0,2048,15,0,5779,5779,bcast_sweep/bcast_n1024_g16_r5.cm
1024,16,5,mcast,1,358,0,2048,15,0,3413,3413,bcast_sweep/bcast_n1024_g16_r5.cm
1024,16,6,baseline,1,747,0,2048,15,0,5779,5779,bcast_sweep/bcast_n1024_g16_r6.cm
1024,16,6,mcast,1,747,0,2048,15,0,3413,3413,bcast_sweep/bcast_n1024_g16_r6.cm
1024,16,7,baseline,1,740,0,2048,15,0,5779,5779,bcast_sweep/bcast_n1024_g16_r7.cm
1024,16,7,mcast,1,740,0,2048,15,0,3413,3413,bcast_sweep/bcast_n1024_g16_r7.cm
1024,16,8,baseline,1,508,0,2048,15,0,5610,5610,bcast_sweep/bcast_n1024_g16_r8.cm
1024,16,8,mcast,1,508,0,2048,15,0,3413,3413,bcast_sweep/bcast_n1024_g16_r8.cm
1024,16,9,baseline,1,791,0,2048,15,0,5779,5779,bcast_sweep/bcast_n1024_g16_r9.cm
1024,16,9,mcast,1,791,0,2048,15,0,3413,3413,bcast_sweep/bcast_n1024_g16_r9.cm
1024,32,0,baseline,1,45,0,2048,31,0,8482,8482,bcast_sweep/bcast_n1024_g32_r0.cm
1024,32,0,mcast,1,45,0,2048,31,0,3413,3413,bcast_sweep/bcast_n1024_g32_r0.cm
1024,32,1,baseline,1,194,0,2048,31,0,8482,8482,bcast_sweep/bcast_n1024_g32_r1.cm
1024,32,1,mcast,1,194,0,2048,31,0,3413,3413,bcast_sweep/bcast_n1024_g32_r1.cm
1024,32,2,baseline,1,135,0,2048,31,0,8482,8482,bcast_sweep/bcast_n1024_g32_r2.cm
1024,32,2,mcast,1,135,0,2048,31,0,3413,3413,bcast_sweep/bcast_n1024_g32_r2.cm
1024,32,3,baseline,1,921,0,2048,31,0,8482,8482,bcast_sweep/bcast_n1024_g32_r3.cm
1024,32,3,mcast,1,921,0,2048,31,0,3413,3413,bcast_sweep/bcast_n1024_g32_r3.cm
1024,32,4,baseline,1,502,0,2048,31,0,8482,8482,bcast_sweep/bcast_n1024_g32_r4.cm
1024,32,4,mcast,1,502,0,2048,31,0,3413,3413,bcast_sweep/bcast_n1024_g32_r4.cm
1024,32,5,baseline,1,516,0,2048,31,0,8482,8482,bcast_sweep/bcast_n1024_g32_r5.cm
1024,32,5,mcast,1,516,0,2048,31,0,3413,3413,bcast_sweep/bcast_n1024_g32_r5.cm
1024,32,6,baseline,1,336,0,2048,31,0,8144,8144,bcast_sweep/bcast_n1024_g32_r6.cm
1024,32,6,mcast,1,336,0,2048,31,0,3413,3413,bcast_sweep/bcast_n1024_g32_r6.cm
1024,32,7,baseline,1,160,0,2048,31,0,8482,8482,bcast_sweep/bcast_n1024_g32_r7.cm
1024,32,7,mcast,1,160,0,2048,31,0,3413,3413,bcast_sweep/bcast_n1024_g32_r7.cm
1024,32,8,baseline,1,921,0,2048,31,0,8482,8482,bcast_sweep/bcast_n1024_g32_r8.cm
1024,32,8,mcast,1,921,0,2048,31,0,3413,3413,bcast_sweep/bcast_n1024_g32_r8.cm
1024,32,9,baseline,1,324,0,2048,31,0,8482,8482,bcast_sweep/bcast_n1024_g32_r9.cm
1024,32,9,mcast,1,324,0,2048,31,0,3413,3413,bcast_sweep/bcast_n1024_g32_r9.cm
1024,64,0,baseline,1,730,0,2048,63,0,13889,13889,bcast_sweep/bcast_n1024_g64_r0.cm
1024,64,0,mcast,1,730,0,2048,63,0,3413,3413,bcast_sweep/bcast_n1024_g64_r0.cm
1024,64,1,baseline,1,254,0,2048,63,0,13889,13889,bcast_sweep/bcast_n1024_g64_r1.cm
1024,64,1,mcast,1,254,0,2048,63,0,3413,3413,bcast_sweep/bcast_n1024_g64_r1.cm
1024,64,2,baseline,1,508,0,2048,63,0,13889,13889,bcast_sweep/bcast_n1024_g64_r2.cm
1024,64,2,mcast,1,508,0,2048,63,0,3413,3413,bcast_sweep/bcast_n1024_g64_r2.cm
1024,64,3,baseline,1,999,0,2048,63,0,13889,13889,bcast_sweep/bcast_n1024_g64_r3.cm
1024,64,3,mcast,1,999,0,2048,63,0,3413,3413,bcast_sweep/bcast_n1024_g64_r3.cm
1024,64,4,baseline,1,626,0,2048,63,0,13889,13889,bcast_sweep/bcast_n1024_g64_r4.cm
1024,64,4,mcast,1,626,0,2048,63,0,3413,3413,bcast_sweep/bcast_n1024_g64_r4.cm
1024,64,5,baseline,1,414,0,2048,63,0,13889,13889,bcast_sweep/bcast_n1024_g64_r5.cm
1024,64,5,mcast,1,414,0,2048,63,0,3413,3413,bcast_sweep/bcast_n1024_g64_r5.cm
1024,64,6,baseline,1,912,0,2048,63,0,13889,13889,bcast_sweep/bcast_n1024_g64_r6.cm
1024,64,6,mcast,1,912,0,2048,63,0,3413,3413,bcast_sweep/bcast_n1024_g64_r6.cm
1024,64,7,baseline,1,636,0,2048,63,0,13889,13889,bcast_sweep/bcast_n1024_g64_r7.cm
1024,64,7,mcast,1,636,0,2048,63,0,3413,3413,bcast_sweep/bcast_n1024_g64_r7.cm
1024,64,8,baseline,1,948,0,2048,63,0,13889,13889,bcast_sweep/bcast_n1024_g64_r8.cm
1024,64,8,mcast,1,948,0,2048,63,0,3413,3413,bcast_sweep/bcast_n1024_g64_r8.cm
1024,64,9,baseline,1,524,0,2048,63,0,13889,13889,bcast_sweep/bcast_n1024_g64_r9.cm
1024,64,9,mcast,1,524,0,2048,63,0,3413,3413,bcast_sweep/bcast_n1024_g64_r9.cm
1024,128,0,baseline,1,862,0,2048,127,0,24702,24702,bcast_sweep/bcast_n1024_g128_r0.cm
1024,128,0,mcast,1,862,0,2048,127,0,3413,3413,bcast_sweep/bcast_n1024_g128_r0.cm
1024,128,1,baseline,1,829,0,2048,127,0,24702,24702,bcast_sweep/bcast_n1024_g128_r1.cm
1024,128,1,mcast,1,829,0,2048,127,0,3413,3413,bcast_sweep/bcast_n1024_g128_r1.cm
1024,128,2,baseline,1,93,0,2048,127,0,24702,24702,bcast_sweep/bcast_n1024_g128_r2.cm
1024,128,2,mcast,1,93,0,2048,127,0,3413,3413,bcast_sweep/bcast_n1024_g128_r2.cm
1024,128,3,baseline,1,882,0,2048,127,0,24702,24702,bcast_sweep/bcast_n1024_g128_r3.cm
1024,128,3,mcast,1,882,0,2048,127,0,3413,3413,bcast_sweep/bcast_n1024_g128_r3.cm
1024,128,4,baseline,1,574,0,2048,127,0,24702,24702,bcast_sweep/bcast_n1024_g128_r4.cm
1024,128,4,mcast,1,574,0,2048,127,0,3413,3413,bcast_sweep/bcast_n1024_g128_r4.cm
1024,128,5,baseline,1,170,0,2048,127,0,24702,24702,bcast_sweep/bcast_n1024_g128_r5.cm
1024,128,5,mcast,1,170,0,2048,127,0,3413,3413,bcast_sweep/bcast_n1024_g128_r5.cm
1024,128,6,baseline,1,755,0,2048,127,0,24702,24702,bcast_sweep/bcast_n1024_g128_r6.cm
1024,128,6,mcast,1,755,0,2048,127,0,3413,3413,bcast_sweep/bcast_n1024_g128_r6.cm
1024,128,7,baseline,1,642,0,2048,127,0,24702,24702,bcast_sweep/bcast_n1024_g128_r7.cm
1024,128,7,mcast,1,642,0,2048,127,0,3413,3413,bcast_sweep/bcast_n1024_g128_r7.cm
1024,128,8,baseline,1,690,0,2048,127,0,24533,24533,bcast_sweep/bcast_n1024_g128_r8.cm
1024,128,8,mcast,1,690,0,2048,127,0,3413,3413,bcast_sweep/bcast_n1024_g128_r8.cm
1024,128,9,baseline,1,721,0,2048,127,0,24702,24702,bcast_sweep/bcast_n1024_g128_r9.cm
1024,128,9,mcast,1,721,0,2048,127,0,3413,3413,bcast_sweep/bcast_n1024_g128_r9.cm
1024,256,0,baseline,1,815,0,2048,255,0,46329,46329,bcast_sweep/bcast_n1024_g256_r0.cm
1024,256,0,mcast,1,815,0,2048,255,0,3413,3413,bcast_sweep/bcast_n1024_g256_r0.cm
1024,256,1,baseline,1,675,0,2048,255,0,46329,46329,bcast_sweep/bcast_n1024_g256_r1.cm
1024,256,1,mcast,1,675,0,2048,255,0,3413,3413,bcast_sweep/bcast_n1024_g256_r1.cm
1024,256,2,baseline,1,760,0,2048,255,0,46329,46329,bcast_sweep/bcast_n1024_g256_r2.cm
1024,256,2,mcast,1,760,0,2048,255,0,3413,3413,bcast_sweep/bcast_n1024_g256_r2.cm
1024,256,3,baseline,1,739,0,2048,255,0,46329,46329,bcast_sweep/bcast_n1024_g256_r3.cm
1024,256,3,mcast,1,739,0,2048,255,0,3413,3413,bcast_sweep/bcast_n1024_g256_r3.cm
1024,256,4,baseline,1,159,0,2048,255,0,46329,46329,bcast_sweep/bcast_n1024_g256_r4.cm
1024,256,4,mcast,1,159,0,2048,255,0,3413,3413,bcast_sweep/bcast_n1024_g256_r4.cm
1024,256,5,baseline,1,364,0,2048,255,0,46329,46329,bcast_sweep/bcast_n1024_g256_r5.cm
1024,256,5,mcast,1,364,0,2048,255,0,3413,3413,bcast_sweep/bcast_n1024_g256_r5.cm
1024,256,6,baseline,1,739,0,2048,255,0,46329,46329,bcast_sweep/bcast_n1024_g256_r6.cm
1024,256,6,mcast,1,739,0,2048,255,0,3413,3413,bcast_sweep/bcast_n1024_g256_r6.cm
1024,256,7,baseline,1,179,0,2048,255,0,46329,46329,bcast_sweep/bcast_n1024_g256_r7.cm
1024,256,7,mcast,1,179,0,2048,255,0,3413,3413,bcast_sweep/bcast_n1024_g256_r7.cm
1024,256,8,baseline,1,72,0,2048,255,0,46329,46329,bcast_sweep/bcast_n1024_g256_r8.cm
1024,256,8,mcast,1,72,0,2048,255,0,3413,3413,bcast_sweep/bcast_n1024_g256_r8.cm
1024,256,9,baseline,1,939,0,2048,255,0,46329,46329,bcast_sweep/bcast_n1024_g256_r9.cm
1024,256,9,mcast,1,939,0,2048,255,0,3413,3413,bcast_sweep/bcast_n1024_g256_r9.cm
1024,512,0,baseline,1,702,0,2048,511,0,89583,89583,bcast_sweep/bcast_n1024_g512_r0.cm
1024,512,0,mcast,1,702,0,2048,511,0,3413,3413,bcast_sweep/bcast_n1024_g512_r0.cm
1024,512,1,baseline,1,111,0,2048,511,0,89583,89583,bcast_sweep/bcast_n1024_g512_r1.cm
1024,512,1,mcast,1,111,0,2048,511,0,3413,3413,bcast_sweep/bcast_n1024_g512_r1.cm
1024,512,2,baseline,1,271,0,2048,511,0,89583,89583,bcast_sweep/bcast_n1024_g512_r2.cm
1024,512,2,mcast,1,271,0,2048,511,0,3413,3413,bcast_sweep/bcast_n1024_g512_r2.cm
1024,512,3,baseline,1,989,0,2048,511,0,89583,89583,bcast_sweep/bcast_n1024_g512_r3.cm
1024,512,3,mcast,1,989,0,2048,511,0,3413,3413,bcast_sweep/bcast_n1024_g512_r3.cm
1024,512,4,baseline,1,146,0,2048,511,0,89583,89583,bcast_sweep/bcast_n1024_g512_r4.cm
1024,512,4,mcast,1,146,0,2048,511,0,3413,3413,bcast_sweep/bcast_n1024_g512_r4.cm
1024,512,5,baseline,1,736,0,2048,511,0,89583,89583,bcast_sweep/bcast_n1024_g512_r5.cm
1024,512,5,mcast,1,736,0,2048,511,0,3413,3413,bcast_sweep/bcast_n1024_g512_r5.cm
1024,512,6,baseline,1,495,0,2048,511,0,89583,89583,bcast_sweep/bcast_n1024_g512_r6.cm
1024,512,6,mcast,1,495,0,2048,511,0,3413,3413,bcast_sweep/bcast_n1024_g512_r6.cm
1024,512,7,baseline,1,881,0,2048,511,0,89583,89583,bcast_sweep/bcast_n1024_g512_r7.cm
1024,512,7,mcast,1,881,0,2048,511,0,3413,3413,bcast_sweep/bcast_n1024_g512_r7.cm
1024,512,8,baseline,1,205,0,2048,511,0,89583,89583,bcast_sweep/bcast_n1024_g512_r8.cm
1024,512,8,mcast,1,205,0,2048,511,0,3413,3413,bcast_sweep/bcast_n1024_g512_r8.cm
1024,512,9,baseline,1,487,0,2048,511,0,89583,89583,bcast_sweep/bcast_n1024_g512_r9.cm
1024,512,9,mcast,1,487,0,2048,511,0,3413,3413,bcast_sweep/bcast_n1024_g512_r9.cm
1024,1024,0,baseline,1,448,0,2048,1023,0,176090,176090,bcast_sweep/bcast_n1024_g1024_r0.cm
1024,1024,0,mcast,1,448,0,2048,1023,0,3413,3413,bcast_sweep/bcast_n1024_g1024_r0.cm
1024,1024,1,baseline,1,62,0,2048,1023,0,176090,176090,bcast_sweep/bcast_n1024_g1024_r1.cm
1024,1024,1,mcast,1,62,0,2048,1023,0,3413,3413,bcast_sweep/bcast_n1024_g1024_r1.cm
1024,1024,2,baseline,1,508,0,2048,1023,0,176090,176090,bcast_sweep/bcast_n1024_g1024_r2.cm
1024,1024,2,mcast,1,508,0,2048,1023,0,3413,3413,bcast_sweep/bcast_n1024_g1024_r2.cm
1024,1024,3,baseline,1,981,0,2048,1023,0,176090,176090,bcast_sweep/bcast_n1024_g1024_r3.cm
1024,1024,3,mcast,1,981,0,2048,1023,0,3413,3413,bcast_sweep/bcast_n1024_g1024_r3.cm
1024,1024,4,baseline,1,609,0,2048,1023,0,176090,176090,bcast_sweep/bcast_n1024_g1024_r4.cm
1024,1024,4,mcast,1,609,0,2048,1023,0,3413,3413,bcast_sweep/bcast_n1024_g1024_r4.cm
1024,1024,5,baseline,1,649,0,2048,1023,0,175921,175921,bcast_sweep/bcast_n1024_g1024_r5.cm
1024,1024,5,mcast,1,649,0,2048,1023,0,3413,3413,bcast_sweep/bcast_n1024_g1024_r5.cm
1024,1024,6,baseline,1,409,0,2048,1023,0,176090,176090,bcast_sweep/bcast_n1024_g1024_r6.cm
1024,1024,6,mcast,1,409,0,2048,1023,0,3413,3413,bcast_sweep/bcast_n1024_g1024_r6.cm
1024,1024,7,baseline,1,201,0,2048,1023,0,175921,175921,bcast_sweep/bcast_n1024_g1024_r7.cm
1024,1024,7,mcast,1,201,0,2048,1023,0,3413,3413,bcast_sweep/bcast_n1024_g1024_r7.cm
1024,1024,8,baseline,1,41,0,2048,1023,0,176090,176090,bcast_sweep/bcast_n1024_g1024_r8.cm
1024,1024,8,mcast,1,41,0,2048,1023,0,3413,3413,bcast_sweep/bcast_n1024_g1024_r8.cm
1024,1024,9,baseline,1,989,0,2048,1023,0,176090,176090,bcast_sweep/bcast_n1024_g1024_r9.cm
1024,1024,9,mcast,1,989,0,2048,1023,0,3413,3413,bcast_sweep/bcast_n1024_g1024_r9.cm
